id,Label,Community
-2069348475,WhiteCat_7,-2115750060
-2069348475,WhiteCat_7,-1895974276
-2069348475,WhiteCat_7,-1342009118
-2069348475,WhiteCat_7,1933612750
-2069348475,WhiteCat_7,-916346253
-2069348475,WhiteCat_7,-623414321
-2069348475,WhiteCat_7,1047440147
-2069348475,WhiteCat_7,72
-2069348475,WhiteCat_7,-1966751363
-2069348475,WhiteCat_7,45678
-2069348475,WhiteCat_7,682779065
-2069348475,WhiteCat_7,-2076514246
-2069348475,WhiteCat_7,3737
-2069348475,WhiteCat_7,39641188
-1990775031,MhzBnt,72
-1990775031,MhzBnt,45678
-1990775031,MhzBnt,3737
-1940056308,st3erer,3737
-1940056308,st3erer,72
-1940056308,st3erer,45678
-1855510363,saifulakhir,3737
-1855510363,saifulakhir,-672561485
-1855510363,saifulakhir,72
-1855510363,saifulakhir,45678
-2054769321,darulhijrateyni,3737
-2054769321,darulhijrateyni,45678
-2024387229,wayyf44rer,72
-2024387229,wayyf44rer,45678
-2024387229,wayyf44rer,3737
-2010434654,maisaraghereeb,3737
-2010434654,maisaraghereeb,-2010434654
-2010434654,maisaraghereeb,683100442
-2010434654,maisaraghereeb,-1596528153
-2010434654,maisaraghereeb,45678
-2010434654,maisaraghereeb,-1214413802
-2010434654,maisaraghereeb,72
-1969607806,nvor85j,72
-1969607806,nvor85j,3737
-1944166317,melvynlion,472939389
-1944166317,melvynlion,3737
-1944166317,melvynlion,472939390
-1944166317,melvynlion,869753252
-1944166317,melvynlion,2078217201
-1944166317,melvynlion,-874535676
-1944166317,melvynlion,72
-1944166317,melvynlion,45678
-1944166317,melvynlion,-1726087879
-1944166317,melvynlion,-1831546126
-1944166317,melvynlion,-241626586
-1944166317,melvynlion,472939391
-1944166317,melvynlion,575500500
-1944166317,melvynlion,1131175345
-1944166317,melvynlion,2081067267
-1944166317,melvynlion,-267218713
-1891279277,war_analysis,-582010711
-1891279277,war_analysis,45678
-1891279277,war_analysis,683100442
-1891279277,war_analysis,72
-1891279277,war_analysis,3737
-1891279277,war_analysis,-1184099348
-1866498905,emran_getu,72
-1866498905,emran_getu,3737
-1800043641,Freedom_speech2,45678
-1800043641,Freedom_speech2,-655573140
-1800043641,Freedom_speech2,72
-1800043641,Freedom_speech2,3737
-1747664780,abutariq041,72
-1747664780,abutariq041,-2094045438
-1747664780,abutariq041,-1854767153
-1747664780,abutariq041,3737
-1747664780,abutariq041,45678
-1709326967,BaqiyaIs,-244861107
-1709326967,BaqiyaIs,45678
-1709326967,BaqiyaIs,72
-1709326967,BaqiyaIs,3737
-1310674551,warreporter2,-1150826838
-1310674551,warreporter2,72
-1310674551,warreporter2,45678
-1310674551,warreporter2,246568665
-1310674551,warreporter2,3737
-1310674551,warreporter2,1182245226
-1310674551,warreporter2,-1833283096
-1310674551,warreporter2,-1405451359
-1310674551,warreporter2,-1508000805
-1310674551,warreporter2,1947616474
-1280121671,Fidaee_Fulaani,-1280121671
-1280121671,Fidaee_Fulaani,3737
-1280121671,Fidaee_Fulaani,1369397729
-1280121671,Fidaee_Fulaani,-1184099541
-1280121671,Fidaee_Fulaani,-214166236
-1280121671,Fidaee_Fulaani,-176744094
-1280121671,Fidaee_Fulaani,72
-1280121671,Fidaee_Fulaani,-1854767153
-1280121671,Fidaee_Fulaani,-1525675464
-1280121671,Fidaee_Fulaani,45678
-1250851679,Battar_English,-1250851679
-1250851679,Battar_English,45678
-1250851679,Battar_English,72
-1250851679,Battar_English,-1966751363
-1250851679,Battar_English,3737
-1250851679,Battar_English,303176017
-1747664781,abutariq040,-1050918749
-1747664781,abutariq040,72
-1747664781,abutariq040,-110182308
-1747664781,abutariq040,3737
-1747664781,abutariq040,-837884014
-1747664781,abutariq040,45678
-1747664781,abutariq040,-2094045438
-1557140841,ALK___226,72
-1515390381,QassamiMarwan,1158256695
-1515390381,QassamiMarwan,3737
-1515390381,QassamiMarwan,72
-1515390381,QassamiMarwan,45678
-1490232341,Suspend_Me_fags,45678
-1490232341,Suspend_Me_fags,72
-1490232341,Suspend_Me_fags,970471154
-1392951766,DabiqsweetsMan,72
-1392951766,DabiqsweetsMan,683100442
-1378631890,btt_ar,72
-1378631890,btt_ar,-1378631890
-1378631890,btt_ar,3737
-1184099829,MaghrebiHD,-1854767153
-1184099829,MaghrebiHD,-1053872797
-1184099829,MaghrebiHD,72
-1184099829,MaghrebiHD,3737
-1184099355,MaghrebiWM,72
-1184099355,MaghrebiWM,1835673476
-1184099355,MaghrebiWM,1685012070
-1184099355,MaghrebiWM,3737
-1184099355,MaghrebiWM,45678
-766578655,abuhumayra4,45678
-766578655,abuhumayra4,1002106690
-766578655,abuhumayra4,-1411491114
-766578655,abuhumayra4,-1349393601
-766578655,abuhumayra4,-1085029383
-766578655,abuhumayra4,72
-766578655,abuhumayra4,3737
-680585036,1Dawlah_III,72
-680585036,1Dawlah_III,-1966751363
-680585036,1Dawlah_III,3737
-680585036,1Dawlah_III,-623414321
-664044680,FidaeeFulaani,72
-664044680,FidaeeFulaani,-664044680
-664044680,FidaeeFulaani,45678
-664044680,FidaeeFulaani,1882989664
-664044680,FidaeeFulaani,3737
-664044680,FidaeeFulaani,-1854767153
-664044680,FidaeeFulaani,1814501884
-1184099541,MaghrebiQM,72
-1184099541,MaghrebiQM,45678
-1184099541,MaghrebiQM,-1081363099
-1184099541,MaghrebiQM,3737
-1175589357,NaseemAhmed50,683100442
-1175589357,NaseemAhmed50,1323333446
-1175589357,NaseemAhmed50,3737
-1175589357,NaseemAhmed50,45678
-1175589357,NaseemAhmed50,72
-1175589357,NaseemAhmed50,-1530956812
-1175589357,NaseemAhmed50,748307027
-999542154,k_kid04,72
-950849253,alamreeki4,72
-950849253,alamreeki4,3737
-950849253,alamreeki4,45678
-927160238,ro34th,64715
-927160238,ro34th,-853531852
-927160238,ro34th,683100442
-927160238,ro34th,-1854767153
-927160238,ro34th,-1452487438
-927160238,ro34th,-853531849
-927160238,ro34th,45678
-927160238,ro34th,3737
-927160238,ro34th,72
-927160238,ro34th,1323333446
-916153878,Mountainjjoool,1096068476
-916153878,Mountainjjoool,3737
-916153878,Mountainjjoool,72
-916153878,Mountainjjoool,45678
-916153878,Mountainjjoool,2105922218
-837884014,Jazrawi_Saraqib,-1184099355
-837884014,Jazrawi_Saraqib,3737
-837884014,Jazrawi_Saraqib,483751924
-837884014,Jazrawi_Saraqib,72
-837884014,Jazrawi_Saraqib,45678
-792488607,MilkSheikh2,-1720262290
-792488607,MilkSheikh2,-862402699
-792488607,MilkSheikh2,45678
-792488607,MilkSheikh2,3737
-792488607,MilkSheikh2,512251727
-792488607,MilkSheikh2,958052278
-792488607,MilkSheikh2,72
-629633847,Al_Battar_Engl,-629633847
-629633847,Al_Battar_Engl,3737
-629633847,Al_Battar_Engl,-1966751363
-629633847,Al_Battar_Engl,-623414321
-629633847,Al_Battar_Engl,72
-582010711,Nidalgazaui,3737
-582010711,Nidalgazaui,1202351809
-582010711,Nidalgazaui,72
-582010711,Nidalgazaui,45678
-577217583,__alfresco__,-965235444
-577217583,__alfresco__,440050313
-577217583,__alfresco__,45678
-577217583,__alfresco__,1809964861
-577217583,__alfresco__,-860989864
-577217583,__alfresco__,-1854767153
-577217583,__alfresco__,3737
-577217583,__alfresco__,683100442
-577217583,__alfresco__,1096068476
-577217583,__alfresco__,72
-577217583,__alfresco__,857613704
-548756796,Jazrawi_Joulan,3737
-548756796,Jazrawi_Joulan,72
-489740380,safiyaimback,3737
-489740380,safiyaimback,45678
-489740380,safiyaimback,72
-320662007,04_8_1437,3737
-320662007,04_8_1437,45678
-320662007,04_8_1437,72
-290785352,JoinISNation102,3737
-290785352,JoinISNation102,45678
-290785352,JoinISNation102,72
-600028802,Dieinurage308,72
-587385165,AbdusMujahid149,72
-477243281,al_zaishan10,72
-477243281,al_zaishan10,3737
-414341470,freelance_112,72
-414341470,freelance_112,2095
-414341470,freelance_112,3737
-414341470,freelance_112,45678
-405739121,ismailmahsud,683100442
-405739121,ismailmahsud,-405739121
-405739121,ismailmahsud,45678
-405739121,ismailmahsud,3737
-405739121,ismailmahsud,72
-216362263,IbnKashmir_,-1949010811
-216362263,IbnKashmir_,72
-216362263,IbnKashmir_,45678
-216362263,IbnKashmir_,-582010711
-216362263,IbnKashmir_,3737
-216362263,IbnKashmir_,-1184099829
-216362263,IbnKashmir_,683100442
-44044083,432Mryam,-2089983065
-44044083,432Mryam,72
-7203740,abdlrhmn15,72
-7203740,abdlrhmn15,45678
-7203740,abdlrhmn15,3737
-7203740,abdlrhmn15,2081067267
-7203740,abdlrhmn15,1322560674
284350777,grezz10,3737
284350777,grezz10,208033030
284350777,grezz10,72
284350777,grezz10,528397571
284350777,grezz10,45678
-214166205,mustafaklash56,72
-176744094,MaghrebiQ,-325889175
-176744094,MaghrebiQ,2054639375
-176744094,MaghrebiQ,45678
-97888409,kIakishini5,72
-3553910,Witness_alHaqq,45678
-3553910,Witness_alHaqq,857613704
-3553910,Witness_alHaqq,72
-3553910,Witness_alHaqq,-816871181
-3553910,Witness_alHaqq,-2011454831
-3553910,Witness_alHaqq,472939389
-3553910,Witness_alHaqq,1536952667
-3553910,Witness_alHaqq,458275676
-3553910,Witness_alHaqq,346185981
-3553910,Witness_alHaqq,1972247671
-3553910,Witness_alHaqq,3737
18739643,Uncle_SamCoco,-1854767153
18739643,Uncle_SamCoco,-1150605816
18739643,Uncle_SamCoco,-1009380982
18739643,Uncle_SamCoco,335922575
18739643,Uncle_SamCoco,403149652
18739643,Uncle_SamCoco,620463573
18739643,Uncle_SamCoco,683100442
18739643,Uncle_SamCoco,832282677
18739643,Uncle_SamCoco,1168165858
18739643,Uncle_SamCoco,-1192449731
18739643,Uncle_SamCoco,-437812756
18739643,Uncle_SamCoco,-70923229
18739643,Uncle_SamCoco,196586117
18739643,Uncle_SamCoco,-1658049477
18739643,Uncle_SamCoco,-232800897
18739643,Uncle_SamCoco,3737
18739643,Uncle_SamCoco,45678
18739643,Uncle_SamCoco,18739643
18739643,Uncle_SamCoco,69647780
18739643,Uncle_SamCoco,341808549
18739643,Uncle_SamCoco,482439428
18739643,Uncle_SamCoco,686885799
18739643,Uncle_SamCoco,1093666029
18739643,Uncle_SamCoco,1601742098
18739643,Uncle_SamCoco,-695204064
18739643,Uncle_SamCoco,-598482912
18739643,Uncle_SamCoco,2713
18739643,Uncle_SamCoco,1202351809
18739643,Uncle_SamCoco,1808459929
18739643,Uncle_SamCoco,-1683075162
18739643,Uncle_SamCoco,-1605408874
18739643,Uncle_SamCoco,-421924825
18739643,Uncle_SamCoco,165005102
18739643,Uncle_SamCoco,1116025030
18739643,Uncle_SamCoco,1529326256
18739643,Uncle_SamCoco,1598105746
18739643,Uncle_SamCoco,-1676407789
18739643,Uncle_SamCoco,-1480096252
18739643,Uncle_SamCoco,-949816374
18739643,Uncle_SamCoco,-865960295
18739643,Uncle_SamCoco,-812210653
18739643,Uncle_SamCoco,-788416051
18739643,Uncle_SamCoco,-586954550
18739643,Uncle_SamCoco,622597019
18739643,Uncle_SamCoco,1116025029
18739643,Uncle_SamCoco,1393713412
18739643,Uncle_SamCoco,1700885397
18739643,Uncle_SamCoco,-916346253
18739643,Uncle_SamCoco,-582010711
18739643,Uncle_SamCoco,72
18739643,Uncle_SamCoco,89550543
18739643,Uncle_SamCoco,474651243
18739643,Uncle_SamCoco,610965781
18739643,Uncle_SamCoco,1707949268
18739643,Uncle_SamCoco,-2109970116
18739643,Uncle_SamCoco,-1508054033
18739643,Uncle_SamCoco,-610157286
18739643,Uncle_SamCoco,-545164699
18739643,Uncle_SamCoco,-537460567
18739643,Uncle_SamCoco,-443215343
18739643,Uncle_SamCoco,64715
18739643,Uncle_SamCoco,162214379
18739643,Uncle_SamCoco,1058369043
18739643,Uncle_SamCoco,1116142803
18739643,Uncle_SamCoco,1800221130
18739643,Uncle_SamCoco,1983022311
18739643,Uncle_SamCoco,2036111245
18739643,Uncle_SamCoco,2066034775
96046475,Bajwa47online,72
96046475,Bajwa47online,3737
96046475,Bajwa47online,45678
96046475,Bajwa47online,96046475
182221674,DawlaWitness11,72
182221674,DawlaWitness11,45678
182221674,DawlaWitness11,-943622305
182221674,DawlaWitness11,3737
194385875,Abu_Azzzam25,-1214413802
194385875,Abu_Azzzam25,72
194385875,Abu_Azzzam25,3737
194385875,Abu_Azzzam25,45678
194385875,Abu_Azzzam25,683100442
194385875,Abu_Azzzam25,-1184099541
194385875,Abu_Azzzam25,-176744094
373949484,lNSlDEWAR,-1854767153
373949484,lNSlDEWAR,72
373949484,lNSlDEWAR,373949484
373949484,lNSlDEWAR,85704
373949484,lNSlDEWAR,45678
373949484,lNSlDEWAR,3737
434028064,YazeedDhardaa25,115030584
434028064,YazeedDhardaa25,305411622
434028064,YazeedDhardaa25,45678
434028064,YazeedDhardaa25,683100442
434028064,YazeedDhardaa25,-183423977
434028064,YazeedDhardaa25,72
440050313,AbuMusab_110,3737
440050313,AbuMusab_110,-1878510362
440050313,AbuMusab_110,72
440050313,AbuMusab_110,-1633949380
440050313,AbuMusab_110,45678
501925981,warrnews,-2091057170
501925981,warrnews,165005102
501925981,warrnews,1368731780
501925981,warrnews,1601742098
501925981,warrnews,1637984736
501925981,warrnews,1646576643
501925981,warrnews,45678
501925981,warrnews,-1281627563
501925981,warrnews,2713
501925981,warrnews,3737
501925981,warrnews,-2030837323
501925981,warrnews,-582010711
501925981,warrnews,-581206341
501925981,warrnews,72
501925981,warrnews,501925981
501925981,warrnews,-1854767153
501925981,warrnews,2095
501925981,warrnews,1942640278
501925981,warrnews,-2146345676
501925981,warrnews,-1594797163
501925981,warrnews,683100442
501925981,warrnews,-717057007
530020572,BilalIbnRabah1,3737
530020572,BilalIbnRabah1,72
530020572,BilalIbnRabah1,45678
551509584,abubakerdimshqi,45678
551509584,abubakerdimshqi,-824161674
551509584,abubakerdimshqi,72
600540397,sonofshishan,45678
600540397,sonofshishan,72
600540397,sonofshishan,3737
511453062,Baqiyah_Khilafa,72
511453062,Baqiyah_Khilafa,-190113873
511453062,Baqiyah_Khilafa,-1747664804
511453062,Baqiyah_Khilafa,45678
511453062,Baqiyah_Khilafa,3737
511453062,Baqiyah_Khilafa,181460410
528397571,ManKhalfahum,72
557746499,Alwala_bara,72
557746499,Alwala_bara,45678
557746499,Alwala_bara,1181262216
557746499,Alwala_bara,3737
570490174,baaqiya_01,72
632750682,pleaoftheummah,3737
632750682,pleaoftheummah,45678
632750682,pleaoftheummah,72
662091660,MaghrabiArabi,-983800684
662091660,MaghrabiArabi,66883
662091660,MaghrabiArabi,-548756796
662091660,MaghrabiArabi,45678
662091660,MaghrabiArabi,-1530956812
662091660,MaghrabiArabi,1323333446
662091660,MaghrabiArabi,72
662091660,MaghrabiArabi,1202351809
662091660,MaghrabiArabi,-405739121
662091660,MaghrabiArabi,3737
662091660,MaghrabiArabi,671954723
662091660,MaghrabiArabi,683100442
857613704,WarReporter1,490040879
857613704,WarReporter1,683100442
857613704,WarReporter1,-989894085
857613704,WarReporter1,-591901448
857613704,WarReporter1,72
857613704,WarReporter1,45678
857613704,WarReporter1,759076545
857613704,WarReporter1,857613704
857613704,WarReporter1,1323333446
857613704,WarReporter1,-1614369135
857613704,WarReporter1,-582010711
857613704,WarReporter1,2095
857613704,WarReporter1,238470959
857613704,WarReporter1,798144682
857613704,WarReporter1,1675512532
857613704,WarReporter1,1947609487
857613704,WarReporter1,3737
857613704,WarReporter1,150524928
857613704,WarReporter1,1096068476
857613704,WarReporter1,-1683075162
857613704,WarReporter1,2713
857613704,WarReporter1,18739643
857613704,WarReporter1,748307027
857613704,WarReporter1,-1854767153
857613704,WarReporter1,-1847330514
857613704,WarReporter1,465799210
937487721,GunsandCoffee70,-394032302
937487721,GunsandCoffee70,72
937487721,GunsandCoffee70,1363367480
970848901,CXaafada2,72
970848901,CXaafada2,45678
970848901,CXaafada2,3737
1300817432,c0n0fj1had4_,45678
683100442,RamiAlLolah,-1530956812
683100442,RamiAlLolah,1661874049
683100442,RamiAlLolah,-537460567
683100442,RamiAlLolah,-190113873
683100442,RamiAlLolah,2713
683100442,RamiAlLolah,683100442
683100442,RamiAlLolah,-1267922430
683100442,RamiAlLolah,-1214413802
683100442,RamiAlLolah,3737
683100442,RamiAlLolah,1459012808
683100442,RamiAlLolah,-916346253
683100442,RamiAlLolah,468793083
683100442,RamiAlLolah,610965781
683100442,RamiAlLolah,-1854767153
683100442,RamiAlLolah,-1147076481
683100442,RamiAlLolah,748307027
683100442,RamiAlLolah,1601742098
683100442,RamiAlLolah,1637984736
683100442,RamiAlLolah,-1424937034
683100442,RamiAlLolah,45678
683100442,RamiAlLolah,460631702
683100442,RamiAlLolah,1028495838
683100442,RamiAlLolah,-446799918
683100442,RamiAlLolah,2058343474
683100442,RamiAlLolah,-1570951909
683100442,RamiAlLolah,-1138536251
683100442,RamiAlLolah,72
808348786,murasil1,45678
808348786,murasil1,72
808348786,murasil1,-860989864
808348786,murasil1,3737
958052278,AsimAbuMerjem,72
958052278,AsimAbuMerjem,-1313931467
958052278,AsimAbuMerjem,-582010711
958052278,AsimAbuMerjem,1085014414
958052278,AsimAbuMerjem,1354901261
958052278,AsimAbuMerjem,1768238311
958052278,AsimAbuMerjem,-792488607
958052278,AsimAbuMerjem,-655573140
958052278,AsimAbuMerjem,3737
958052278,AsimAbuMerjem,45678
958052278,AsimAbuMerjem,683100442
958052278,AsimAbuMerjem,-394726381
958052278,AsimAbuMerjem,1323333446
1057832827,Abu_Ibn_Taha,45678
1057832827,Abu_Ibn_Taha,72
1158256714,wayf44rerr,-773079644
1158256714,wayf44rerr,45678
1158256714,wayf44rerr,72
1158256714,wayf44rerr,-2128387904
1158256714,wayf44rerr,-1530956812
1158256714,wayf44rerr,-409952092
1158256714,wayf44rerr,3737
1286142302,thefIamesofhaqq,45678
1286142302,thefIamesofhaqq,72
1286142302,thefIamesofhaqq,857613704
1286142302,thefIamesofhaqq,683100442
1286142302,thefIamesofhaqq,3737
1286142302,thefIamesofhaqq,472939390
1309647722,abuhanzalah10,45678
1309647722,abuhanzalah10,683100442
1309647722,abuhanzalah10,72
1645918548,1515Ummah,72
1645918548,1515Ummah,45678
1645918548,1515Ummah,3737
1645918548,1515Ummah,1158256695
1645918548,1515Ummah,-1974542081
1645918548,1515Ummah,1546219272
1700215997,AbuNaseeha_03,-1898575483
1700215997,AbuNaseeha_03,-1411491114
1700215997,AbuNaseeha_03,72
1700215997,AbuNaseeha_03,-1184099541
1700215997,AbuNaseeha_03,3737
1700215997,AbuNaseeha_03,1158256695
1700215997,AbuNaseeha_03,1120903439
1700215997,AbuNaseeha_03,-680585036
1700215997,AbuNaseeha_03,-176744094
1700215997,AbuNaseeha_03,45678
1734753792,squadsquaaaaad,748307027
1734753792,squadsquaaaaad,-1854767153
1734753792,squadsquaaaaad,-909893934
1734753792,squadsquaaaaad,72
1734753792,squadsquaaaaad,-916346253
1734753792,squadsquaaaaad,3737
1734753792,squadsquaaaaad,240063334
1882989664,moustiklash,1474666937
1882989664,moustiklash,45678
1882989664,moustiklash,2088441586
1882989664,moustiklash,72
1882989664,moustiklash,3737
2052576516,EPlC24,3737
2052576516,EPlC24,-1106308604
2052576516,EPlC24,-717057007
2052576516,EPlC24,72
2052576516,EPlC24,45678
2062324505,almuhajirun9,72
1439984039,al_nusra,72
1439984039,al_nusra,3737
1459820466,ansarakhilafa,72
1536952667,JohnsonsBot,45678
1536952667,JohnsonsBot,72
1614073622,klakishinki,3737
1614073622,klakishinki,72
1647776194,06230550_IS,72
1647776194,06230550_IS,45678
1647776194,06230550_IS,3737
2088441586,_IshfaqAhmad,45678
2088441586,_IshfaqAhmad,1145476914
2088441586,_IshfaqAhmad,1486381884
2088441586,_IshfaqAhmad,-2049099357
2088441586,_IshfaqAhmad,-936723822
2088441586,_IshfaqAhmad,72
2088441586,_IshfaqAhmad,552892287
2088441586,_IshfaqAhmad,683100442
2088441586,_IshfaqAhmad,-492579553
2088441586,_IshfaqAhmad,1452499986
2088441586,_IshfaqAhmad,3737
2088441586,_IshfaqAhmad,-1854767153
2088441586,_IshfaqAhmad,-1137032332
2088441586,_IshfaqAhmad,157570569
2088441586,_IshfaqAhmad,1567522407
2088441586,_IshfaqAhmad,-1215835405
2088441586,_IshfaqAhmad,-916346253
2088441586,_IshfaqAhmad,-190113873
2088441586,_IshfaqAhmad,-1709767590
2088441586,_IshfaqAhmad,-529301031
1637984736,DrPartizan_,1637984736
1529326256,Qonaqkend,1529326256
150524928,drerdogan_001,150524928
1882989664,moustiklash,1882989664
-623414321,WilayatHalab,-623414321
-1508054033,BiladFransa,-1508054033
-232800897,MiddleEastEye,-232800897
-405739121,ismailmahsud,-405739121
-1349393601,TauhidWalHadid,-1349393601
-1854767153,support,-1854767153
-190113873,Support,-190113873
-492579553,sabahjaan,-492579553
-1974542081,malle111elf,-1974542081
-1147076481,Joyce_Karam,-1147076481
-943622305,AnakSabil_,-943622305
1369397729,Pachaconsumer,1369397729
759076545,QalaatAlMudiq,759076545
1131175345,sassysassyred,1131175345
2078217201,Ele7vn,2078217201
1661874049,Syrianvictims,1661874049
1202351809,Conflicts,1202351809
303176017,BatInfo147,303176017
-1378631890,btt_ar,-1378631890
-2091057170,Paradoxy13,-2091057170
-1847330514,ScotMikey1111,-1847330514
-1720262290,MddmVdmm,-1720262290
-244861107,AK47_PK,-244861107
-1192449731,Fiefienix,-1192449731
-788416051,Quart_Monde,-788416051
-1966751363,WilayatNinawa,-1966751363
1452499986,chandel70,1452499986
1002106690,OumDujana,1002106690
1168165858,DanieleRaineri,1168165858
2058343474,nasertamimi,2058343474
1601742098,VivaRevolt,1601742098
1145476914,intlspectator,1145476914
2088441586,_IshfaqAhmad,2088441586
1598105746,OlivierGuitta,1598105746
970471154,tati56555,970471154
1322560674,freeOurSisters1,1322560674
-1895974276,ProJ32,-1895974276
-1747664804,abutariq038,-1747664804
-2109970116,nayes110,-2109970116
-1633949380,Nussra_E,-1633949380
-110182308,Mosul_05,-110182308
-965235444,ProJ000_,-965235444
-655573140,leithfadel,-655573140
-1184099348,MaghrebiWT,-1184099348
-437812756,YusuF90192469,-437812756
1646576643,IsraelHatzolah,1646576643
748307027,Twitter,748307027
1058369043,DeriChaw,1058369043
671954723,YouTube,671954723
1047440147,Abu_adamm,1047440147
2081067267,Alhamdhulillaah,2081067267
528397571,ManKhalfahum,528397571
66883,CNN,66883
1116142803,Ibn_Sayyid,1116142803
69647780,IHWCo,69647780
1368731780,Abduhark,1368731780
482439428,Gobelet_Jetable,482439428
1707949268,maps_meast_sec,1707949268
869753252,Pappii5,869753252
1835673476,055Brigade,1835673476
403149652,SinaiViaDamas,403149652
483751924,MarwanTunsi1,483751924
1675512532,JooniIsrar,1675512532
575500500,kafirkaty,575500500
1393713412,OttomanAkh,1393713412
39641188,_croxetti_,39641188
-581206341,arabthomness,-581206341
-1184099541,MaghrebiQM,-1184099541
-1658049477,RahaafH,-1658049477
-1184099829,MaghrebiHD,-1184099829
-1570951909,MousaAlomar,-1570951909
-989894085,WorldConflictNe,-989894085
-1508000805,The_Muwahhid,-1508000805
610965781,BrunFree,610965781
341808549,Belkadette,341808549
1116025029,wail75p,1116025029
832282677,Pyjama45,832282677
196586117,milietweet,196586117
620463573,app33mu113_,620463573
1700885397,SilentSecretMan,1700885397
-1009380982,IssaBarbarossa,-1009380982
-1150826838,jsiwat,-1150826838
-586954550,khanasori147,-586954550
-1709767590,strawberriiiiiy,-1709767590
-949816374,app33mu113,-949816374
-2076514246,11_HaqqPrevails,-2076514246
-610157286,saladinisback1,-610157286
-1726087879,1_texanna,-1726087879
-1085029383,lovelyflower212,-1085029383
-582010711,Nidalgazaui,-582010711
-629633847,Al_Battar_Engl,-629633847
-1280121671,Fidaee_Fulaani,-1280121671
-325889175,freedaraa11,-325889175
-537460567,SimNasr,-537460567
-529301031,aadawii21,-529301031
-865960295,Buzzriet,-865960295
208033030,IbnElHijaz,208033030
958052278,AsimAbuMerjem,958052278
305411622,BintRosie34,305411622
1116025030,wail75q,1116025030
1323333446,7layers_,1323333446
460631702,AngelaKorras,460631702
1942640278,CTstudies,1942640278
1685012070,DreadMozlum,1685012070
240063334,alamrikiya_001,240063334
-664044680,FidaeeFulaani,-664044680
-591901448,KhateebDimashqi,-591901448
-1833283096,DidyouknowVS,-1833283096
-1150605816,adamks_,-1150605816
-860989864,twdwln,-860989864
-1525675464,Qassami_Marwan,-1525675464
686885799,fiqhalwaqi,686885799
1158256695,wayf44rer_,1158256695
1983022311,ReporterSyrien,1983022311
1768238311,AkhiJibran,1768238311
1567522407,almunajjid_En,1567522407
2066034775,IdealDeSanta,2066034775
1972247671,mustaklash60,1972247671
1546219272,wayf44rer__,1546219272
115030584,FujioMaiko,115030584
1363367480,IbnNabih1,1363367480
85704,WAR,85704
1459012808,HamidHadeed,1459012808
72,H,72
1181262216,Abu_Laptop47,1181262216
857613704,WarReporter1,857613704
-2089983065,_blvrnasiha,-2089983065
-1596528153,Zeropoint164,-1596528153
-853531849,Adamhasak46,-853531849
-421924825,kogaalbarq,-421924825
-267218713,ScotsmanInfidel,-267218713
-183423977,striv3ric,-183423977
440050313,AbuMusab_110,440050313
246568665,MaghrebiMWss,246568665
682779065,ibnu_noran8,682779065
2713,UN,2713
1474666937,Aadawii21,1474666937
3737,un,3737
1808459929,AbuBlock,1808459929
157570569,treatingfeud_,157570569
-1683075162,Charles_Lister,-1683075162
-1878510362,ambrablu,-1878510362
-1424937034,WW3ISkoming,-1424937034
-241626586,Ibn__Al_Farooq_,-241626586
-1411491114,apb_is,-1411491114
-1605408874,68tardPourTous,-1605408874
-1214413802,BreakingNews,-1214413802
-824161674,MuslimPrisoners,-824161674
-2030837323,WarNews24_7,-2030837323
-1081363099,khalidi_4_sham,-1081363099
-1949010811,ShortHadiths,-1949010811
-1281627563,Malcolmite,-1281627563
-1313931467,iyad_elbaghdadi,-1313931467
-1184099355,MaghrebiWM,-1184099355
-1594797163,M3t4_tr0n,-1594797163
-862402699,Abdsayf971,-862402699
-1138536251,kasimf,-1138536251
-545164699,fukuyamazigh,-545164699
-1898575483,AbuHurairah_39,-1898575483
1947616474,MaghrebiMWs,1947616474
181460410,ghnimah2,181460410
683100442,RamiAlLolah,683100442
1182245226,thevictoryseri4,1182245226
465799210,TRENDlNG_NEWS,465799210
2105922218,waroflegends1,2105922218
798144682,_NewsLeak_,798144682
1800221130,Chief_MarshallR,1800221130
-1480096252,RomainCaillet,-1480096252
-548756796,Jazrawi_Joulan,-548756796
-2146345676,Hamas_Mujahid_,-2146345676
-773079644,mozlemgurl,-773079644
-214166236,mustafaklash46,-214166236
-2115750060,Somaliyyah,-2115750060
-409952092,freeoursisters3,-409952092
-983800684,jrossman12,-983800684
-1106308604,scottmikey1111,-1106308604
-853531852,Adamhasak43,-853531852
-680585036,1Dawlah_III,-680585036
-1137032332,urfe_jan,-1137032332
-1530956812,Reuters,-1530956812
-874535676,spicylatte123,-874535676
1536952667,JohnsonsBot,1536952667
162214379,_DavidThomson,162214379
64715,AFP,64715
96046475,Bajwa47online,96046475
622597019,PeigneACheveux,622597019
18739643,Uncle_SamCoco,18739643
474651243,Sturluson__,474651243
468793083,RevolutionSyria,468793083
1486381884,studiescenter,1486381884
1814501884,Klasmust,1814501884
458275676,saqrqurays,458275676
373949484,lNSlDEWAR,373949484
1096068476,_SalmanHashimi,1096068476
-916346253,twitter,-916346253
-70923229,fasabrun_jameel,-70923229
-2049099357,noutankibaaz,-2049099357
-394726381,LaDonnaRae53,-394726381
-1053872797,Kronykal,-1053872797
-672561485,manjanik_news,-672561485
-816871181,_AlAsma_ulHusna,-816871181
-1676407789,Qarass_news,-1676407789
-812210653,LevantineWD,-812210653
-1050918749,Jazrawi_Heit,-1050918749
-1215835405,tawheed4all,-1215835405
501925981,warrnews,501925981
1809964861,a714149,1809964861
346185981,mustaklash,346185981
1354901261,child_lamb,1354901261
1093666029,1OeufQuiParle,1093666029
472939389,sparksofirhabi3,472939389
2036111245,lan_atharan,2036111245
-936723822,lightpenetrated,-936723822
-446799918,markito0171,-446799918
-909893934,safety,-909893934
-837884014,Jazrawi_Saraqib,-837884014
-1342009118,etdz101010,-1342009118
-1267922430,p_vanostaeyen,-1267922430
-1452487438,AbdugheniSabit,-1452487438
-2010434654,maisaraghereeb,-2010434654
-1831546126,jailamx,-1831546126
-2094045438,alamriki_omar,-2094045438
-394032302,KhalidMaghrebi,-394032302
-176744094,MaghrebiQ,-176744094
-1250851679,Battar_English,-1250851679
-1405451359,victorynewshd,-1405451359
-2011454831,wwayf44rer,-2011454831
-1614369135,whoamidude,-1614369135
-443215343,AshForSyria,-443215343
-717057007,sayed_ridha,-717057007
45678,...,45678
165005102,ShamiRebel,165005102
1028495838,oryxspioenkop,1028495838
1933612750,Haditha21,1933612750
472939390,sparksofirhabi4,472939390
-792488607,MilkSheikh2,-792488607
1085014414,hjr_jhd_17,1085014414
-2128387904,YunusGhareeb,-2128387904
-598482912,Annabbii,-598482912
-695204064,Metammorph,-695204064
472939391,sparksofirhabi5,472939391
1120903439,mkmjnnj,1120903439
1947609487,MaghrebiEng,1947609487
2054639375,F4Sham,2054639375
512251727,2222_Dreamland,512251727
490040879,Terror_Monitor,490040879
2095,AP,2095
238470959,CoolDabiq3,238470959
89550543,TheIraqWitness,89550543
552892287,ibneaadam_,552892287
335922575,HadjSarrasins,335922575
